central_valley,great_basin,north_coast,south_coast
lavinia_exilicauda,rhinichthys_osculus,lavinia_exilicauda,lavinia_exilicauda
gasterosteus_aculeatus,oncorhynchus_clarki,gasterosteus_aculeatus,gasterosteus_aculeatus
ptychocheilus_grandis,prosopium_williamsoni,ptychocheilus_grandis,gila_orcutti
oncorhynchus_tshawytscha,pantosteus_lahontan,oncorhynchus_tshawytscha,ptychocheilus_grandis
rhinichthys_osculus,,entosphenus_tridentata,rhinichthys_osculus
entosphenus_tridentata,,oncorhynchus_mykiss,entosphenus_tridentata
oncorhynchus_mykiss,,chasmistes_brevirostris,oncorhynchus_mykiss
hysterocarpus_traskii,,hysterocarpus_traskii,cottus_gulosus
cottus_gulosus,,cottus_gulosus,eucyclogobius_kristinae
acipenser_medirostris,,acipenser_medirostris,catostomus_santaanae
lampetra_ayersi,,catostomus_snyderi,eucyclogobius_newberryi
lampetra_richardsoni,,lampetra_ayersi,hesperoleucus_venustus
cottus_klamathensis,,entosphenus_similis,
lampetra_hubbsi,,gila_coerulea,
pogonichthys_macrolepidotus,,catostomus_luxatus,
mylopharodon_conocephalus,,lampetra_richardsoni,
hesperoleucus_mitrulus,,oncorhynchus_kisutch,
hesperoleucus_symmetricus,,cottus_klamathensis,
cottus_pitensis,,hypomesus_pacificus,
catostomus_occidentalis,,pogonichthys_macrolepidotus,
catostomus_microps,,mylopharodon_conocephalus,
acipenser_transmontanus,,hesperoleucus_symmetricus,
,,spirinchus_thaleichthys,
,,catostomus_occidentalis,
,,eucyclogobius_newberryi,
,,hesperoleucus_venustus,
,,acipenser_transmontanus,
